<?xml version="1.0" encoding="UTF-8"?>
<project-private xmlns="http://www.netbeans.org/ns/project-private/1">
    <editor-bookmarks xmlns="http://www.netbeans.org/ns/editor-bookmarks/2" lastBookmarkId="0"/>
    <open-files xmlns="http://www.netbeans.org/ns/projectui-open-files/2">
        <group>
            <file>file:/home/ahmedhammad97/Desktop/MazeRunner/src/mazerunner/model/Player.java</file>
            <file>file:/home/ahmedhammad97/Desktop/MazeRunner/src/mazerunner/controller/GameLoader.java</file>
            <file>file:/home/ahmedhammad97/Desktop/MazeRunner/src/mazerunner/controller/Clock.java</file>
            <file>file:/home/ahmedhammad97/Desktop/MazeRunner/src/mazerunner/model/GameCharacter.java</file>
            <file>file:/home/ahmedhammad97/Desktop/MazeRunner/src/mazerunner/controller/FXMLDocumentController.java</file>
            <file>file:/home/ahmedhammad97/Desktop/MazeRunner/src/mazerunner/model/Game.java</file>
            <file>file:/home/ahmedhammad97/Desktop/MazeRunner/src/mazerunner/model/CellFactory.java</file>
        </group>
    </open-files>
</project-private>
